id,Hero_Name_(multiple_search_terms_allowed,image,Primary_Stat,Agility,Intelligence,Strength,Health,Mana,Armor,%Physical_Damage_Reduction,Movement_Speed,Turn_Rate,Base_Damage_Average,Base_Damage_Min,Base_Damage_Max,Bonus_Damage,Bonus_Damage_Reduction,Damage_Average,Damage_Min,Damage_Max,Status_Resistance,Magic_Resistance,Base_Attack_Time,Increased_Attack_Speed,Attack_Type,Attack_Time,Attacks_Per_Second,Attack_Point,Projectile_Speed,Evasion,Physical_Effective_Health,Magical_Effective_Health,Bash_Chance,Crit_Chance,Miss_Chance,Attack_Range,Vision_Range_Day,Vision_Range_Night,Lifesteal,Attack_Damage,Damage_Per_Second,Hero_Icon,Agility_Gain,Intelligence_Gain,Strength_Gain,Health_Regen,Mana_Regen
1,Abaddon,https://cdn.cloudflare.steamstatic.com/apps/dota2/images/dota_react/heroes/abaddon.png,STR,17,21,23,660,327,0.83,4,310,0.5,60,55,65,0,0,60,55,65,3.45,25,1.7,17,MELEE,1.45,0.69,0.56,900,0,687.5,880,0,0,0,150,1800,800,0,60,41.4,"<div_class=""heroes-sprite-abaddon_heroes-sprite-32x18""></div>",1.5,2,2.6,1.75,1.28
2,Underlord,https://cdn.cloudflare.steamstatic.com/apps/dota2/images/dota_react/heroes/underlord.png,STR,12,17,25,700,279,3,13.04,285,0.6,65,62,68,0,0,65,62,68,3.75,25,1.7,12,MELEE,1.52,0.66,0.45,900,0,805,933.33,0,0,0,150,1800,800,0,65,42.9,"<div_class=""heroes-sprite-abyssal_underlord_heroes-sprite-32x18""></div>",1.3,2.6,2.9,1.77,1.21
3,Alchemist,https://cdn.cloudflare.steamstatic.com/apps/dota2/images/dota_react/heroes/alchemist.png,STR,16,25,25,700,375,1.67,7.69,290,0.6,53.5,49,58,0,0,53.5,49,58,3.75,25,1.7,16,MELEE,1.47,0.68,0.35,900,0,758.33,933.33,0,0,0,150,1800,800,0,53.5,36.38,"<div_class=""heroes-sprite-alchemist_heroes-sprite-32x18""></div>",1.2,1.8,2.1,1.77,1.35
4,Ancient Apparition,https://cdn.cloudflare.steamstatic.com/apps/dota2/images/dota_react/heroes/ancient_apparition.png,INT,20,23,20,600,351,2.33,10.45,295,0.6,49,44,54,0,0,49,44,54,0,22.41,1.7,20,RANGED,1.42,0.71,0.45,1250,0,670,773.32,0,0,0,675,1800,800,0,49,34.79,"<div_class=""heroes-sprite-ancient_apparition_heroes-sprite-32x18""></div>",2.2,2.6,1.7,1.71,1.31
5,Anti-Mage,https://cdn.cloudflare.steamstatic.com/apps/dota2/images/dota_react/heroes/anti-mage.png,AGI,22,12,23,660,219,2.67,11.76,314.09,0.5,53,51,55,0,0,53,51,55,0,25,1.4,22,MELEE,1.15,0.87,0.3,0,0,748,880,0,0,0,150,1800,800,0,53,46.11,"<div_class=""heroes-sprite-antimage_heroes-sprite-32x18""></div>",2.8,1.8,1.3,2.04,1.12
6,Arc Warden,https://cdn.cloudflare.steamstatic.com/apps/dota2/images/dota_react/heroes/arc_warden.png,AGI,15,24,25,700,363,0.5,2.44,282.52,0.6,51,46,56,0,0,51,46,56,0,25,1.7,15,RANGED,1.48,0.68,0.3,900,0,717.5,933.33,0,0,0,625,1800,800,0,51,34.68,"<div_class=""heroes-sprite-arc_warden_heroes-sprite-32x18""></div>",1.8,2.6,3,2.06,1.33
7,Axe,https://cdn.cloudflare.steamstatic.com/apps/dota2/images/dota_react/heroes/axe.png,STR,20,18,25,700,291,1.33,6.25,290,0.6,51,49,53,0,0,51,49,53,3.75,25,1.7,20,MELEE,1.42,0.71,0.5,900,0,746.67,933.33,0,0,0,150,1800,800,0,51,36.21,"<div_class=""heroes-sprite-axe_heroes-sprite-32x18""></div>",2.2,1.6,2.8,5.01,1.22
8,Bane,https://cdn.cloudflare.steamstatic.com/apps/dota2/images/dota_react/heroes/bane.png,INT,23,23,23,660,351,4.83,19.46,310,0.6,61,58,64,0,0,61,58,64,0,22.41,1.7,23,RANGED,1.38,0.72,0.3,900,0,819.5,850.65,0,0,0,400,1800,800,0,61,43.92,"<div_class=""heroes-sprite-bane_heroes-sprite-32x18""></div>",2.4,2.4,2.4,1.75,1.31
9,Batrider,https://cdn.cloudflare.steamstatic.com/apps/dota2/images/dota_react/heroes/batrider.png,INT,15,22,28,760,339,2.5,11.11,290,1,40,38,42,0,0,40,38,42,0,22.53,1.7,15,RANGED,1.48,0.68,0.3,900,0,855,980.96,0,0,0,375,1200,800,0,40,27.2,"<div_class=""heroes-sprite-batrider_heroes-sprite-32x18""></div>",1.5,2.5,2.7,3.9,1.3
10,Beastmaster,https://cdn.cloudflare.steamstatic.com/apps/dota2/images/dota_react/heroes/beastmaster.png,STR,18,16,23,660,267,2,9.09,305,0.5,66,64,68,0,0,66,64,68,3.45,25,1.7,18,MELEE,1.44,0.69,0.3,0,0,726,880,0,0,0,150,1800,800,0,66,45.54,"<div_class=""heroes-sprite-beastmaster_heroes-sprite-32x18""></div>",1.6,1.9,2.5,1.75,1.19
11,Bloodseeker,https://cdn.cloudflare.steamstatic.com/apps/dota2/images/dota_react/heroes/bloodseeker.png,AGI,24,18,24,680,291,4,16.67,289.1,0.5,60,57,63,0,0,60,57,63,0,25,1.7,24,MELEE,1.37,0.73,0.43,900,0,816,906.67,0,0,0,150,1800,800,0,60,43.8,"<div_class=""heroes-sprite-bloodseeker_heroes-sprite-32x18""></div>",3,1.7,2.7,1.76,1.22
12,Bounty Hunter,https://cdn.cloudflare.steamstatic.com/apps/dota2/images/dota_react/heroes/bounty_hunter.png,AGI,21,19,18,560,303,6.5,24.53,318.97,0.6,52,45,59,0,0,52,45,59,0,25,1.7,21,MELEE,1.4,0.71,0.59,900,0,742,746.67,0,0,0,150,1800,1000,0,52,36.92,"<div_class=""heroes-sprite-bounty_hunter_heroes-sprite-32x18""></div>",3,2,2.1,2.26,1.24
13,Brewmaster,https://cdn.cloudflare.steamstatic.com/apps/dota2/images/dota_react/heroes/brewmaster.png,STR,22,14,23,660,243,1.67,7.69,295,0.6,55.5,52,59,0,0,55.5,52,59,3.45,25,1.7,22,MELEE,1.39,0.72,0.35,900,0,715,880,0,0,0,150,1800,800,0,55.5,39.96,"<div_class=""heroes-sprite-brewmaster_heroes-sprite-32x18""></div>",1.95,1.25,3.2,2.33,1.15
14,Bristleback,https://cdn.cloudflare.steamstatic.com/apps/dota2/images/dota_react/heroes/bristleback.png,STR,17,14,22,640,243,2.83,12.41,285,1,49,44,54,0,0,49,44,54,3.3,25,1.8,17,MELEE,1.54,0.65,0.3,900,0,730.67,853.33,0,0,0,150,1800,800,0,49,31.85,"<div_class=""heroes-sprite-bristleback_heroes-sprite-32x18""></div>",1.8,2.8,2.2,1.74,1.15
15,Broodmother,https://cdn.cloudflare.steamstatic.com/apps/dota2/images/dota_react/heroes/broodmother.png,AGI,15,18,18,560,291,2.5,11.11,272.43,0.5,44,41,47,0,0,44,41,47,0,25,1.7,15,MELEE,1.48,0.68,0.4,900,0,630,746.67,0,0,0,150,1800,800,0,44,29.92,"<div_class=""heroes-sprite-broodmother_heroes-sprite-32x18""></div>",2.2,2,2.8,1.69,1.22
16,Centaur Warrunner,https://cdn.cloudflare.steamstatic.com/apps/dota2/images/dota_react/heroes/centaur_warrunner.png,STR,15,15,27,740,255,1.5,6.98,295,0.5,64,63,65,0,0,64,63,65,4.05,25,1.7,15,MELEE,1.48,0.68,0.3,900,0,795.5,986.67,0,0,0,150,1800,800,0,64,43.52,"<div_class=""heroes-sprite-centaur_heroes-sprite-32x18""></div>",1,1.6,4.3,1.79,1.17
17,Chaos Knight,https://cdn.cloudflare.steamstatic.com/apps/dota2/images/dota_react/heroes/chaos_knight.png,STR,14,18,22,640,291,3.33,14.29,320,0.5,66,51,81,0,0,66,51,81,3.3,25,1.7,14,MELEE,1.49,0.67,0.5,900,0,746.67,853.33,0,0,0,150,1800,800,0,66,44.22,"<div_class=""heroes-sprite-chaos_knight_heroes-sprite-32x18""></div>",2.1,1.2,3.2,1.74,1.22
18,Chen,https://cdn.cloudflare.steamstatic.com/apps/dota2/images/dota_react/heroes/chen.png,INT,15,19,25,700,303,1.5,6.98,310,0.6,53,48,58,0,0,53,48,58,0,22.86,1.7,15,RANGED,1.48,0.68,0.5,1100,0,752.5,907.47,0,0,0,650,1800,800,0,53,36.04,"<div_class=""heroes-sprite-chen_heroes-sprite-32x18""></div>",2.1,2.8,1.8,1.77,1.24
19,Clinkz,https://cdn.cloudflare.steamstatic.com/apps/dota2/images/dota_react/heroes/clinkz.png,AGI,22,18,14,480,291,3.67,15.49,298.89,0.5,40,37,43,0,0,40,37,43,0,25,1.7,22,RANGED,1.39,0.72,0.7,900,0,568,640,0,0,0,640,1800,800,0,40,28.8,"<div_class=""heroes-sprite-clinkz_heroes-sprite-32x18""></div>",2.6,1.7,1.9,1.93,1.22
20,Crystal Maiden,https://cdn.cloudflare.steamstatic.com/apps/dota2/images/dota_react/heroes/crystal_maiden.png,INT,16,14,18,560,243,2.67,11.76,275,0.5,43,40,46,0,0,43,40,46,0,23.43,1.7,16,RANGED,1.47,0.68,0.55,900,0,634.67,731.31,0,0,0,600,1800,800,0,43,29.24,"<div_class=""heroes-sprite-crystal_maiden_heroes-sprite-32x18""></div>",1.6,2.9,2,1.69,1.15
21,Dark Seer,https://cdn.cloudflare.steamstatic.com/apps/dota2/images/dota_react/heroes/dark_seer.png,INT,12,21,24,680,327,7,25.93,295,0.6,57,54,60,0,0,57,54,60,0,22.64,1.7,12,MELEE,1.52,0.66,0.59,900,0,918,878.98,0,0,0,150,1800,800,0,57,37.62,"<div_class=""heroes-sprite-dark_seer_heroes-sprite-32x18""></div>",1.2,2.7,2.9,1.76,1.28
22,Dark Willow,https://cdn.cloudflare.steamstatic.com/apps/dota2/images/dota_react/heroes/dark_willow.png,INT,18,18,20,600,291,2,9.09,295,0.7,49,45,53,0,0,49,45,53,0,22.98,1.3,18,RANGED,1.1,0.91,0.3,1200,0,660,778.97,0,0,0,475,1800,800,0,49,44.59,"<div_class=""heroes-sprite-dark_willow_heroes-sprite-32x18""></div>",1.6,3,1.8,1.71,1.22
23,Dazzle,https://cdn.cloudflare.steamstatic.com/apps/dota2/images/dota_react/heroes/dazzle.png,INT,21,25,18,560,375,2.5,11.11,310,0.6,50,47,53,0,0,50,47,53,0,22.19,1.7,21,RANGED,1.4,0.71,0.3,1200,0,630,719.68,0,0,0,550,1800,800,0,50,35.5,"<div_class=""heroes-sprite-dazzle_heroes-sprite-32x18""></div>",1.7,3.4,2.3,1.69,1.35
24,Death Prophet,https://cdn.cloudflare.steamstatic.com/apps/dota2/images/dota_react/heroes/death_prophet.png,INT,14,21,19,580,327,2.33,10.45,305,0.5,53,47,59,0,0,53,47,59,0,22.64,1.7,14,RANGED,1.49,0.67,0.56,1000,0,647.67,749.72,0,0,0,600,1800,800,0,53,35.51,"<div_class=""heroes-sprite-death_prophet_heroes-sprite-32x18""></div>",1.4,3,2.9,1.7,1.28
25,Disruptor,https://cdn.cloudflare.steamstatic.com/apps/dota2/images/dota_react/heroes/disruptor.png,INT,15,20,21,620,315,1.5,6.98,300,0.5,51,49,53,0,0,51,49,53,0,22.75,1.7,15,RANGED,1.48,0.68,0.4,1200,0,666.5,802.59,0,0,0,600,1800,800,0,51,34.68,"<div_class=""heroes-sprite-disruptor_heroes-sprite-32x18""></div>",1.4,2.5,2.2,1.72,1.26
26,Doom,https://cdn.cloudflare.steamstatic.com/apps/dota2/images/dota_react/heroes/doom.png,STR,11,15,26,720,255,0.83,4,280,0.5,61,53,69,0,0,61,53,69,3.9,25,2,11,MELEE,1.8,0.56,0.5,900,0,750,960,0,0,0,150,1800,800,0,61,34.16,"<div_class=""heroes-sprite-doom_bringer_heroes-sprite-32x18""></div>",0.9,2.1,3.5,1.78,1.17
27,Dragon Knight,https://cdn.cloudflare.steamstatic.com/apps/dota2/images/dota_react/heroes/dragon_knight.png,STR,19,15,19,580,255,3.17,13.67,280,0.6,53,50,56,0,0,53,50,56,2.85,25,1.7,19,MELEE,1.43,0.7,0.5,900,0,671.83,773.33,0,0,0,150,1800,800,0,53,37.1,"<div_class=""heroes-sprite-dragon_knight_heroes-sprite-32x18""></div>",2,1.7,3.1,1.7,1.17
28,Drow Ranger,https://cdn.cloudflare.steamstatic.com/apps/dota2/images/dota_react/heroes/drow_ranger.png,AGI,19,15,17,540,255,0.17,0.83,288.25,0.7,49.5,44,55,0,0,49.5,44,55,0,25,1.7,19,RANGED,1.43,0.7,0.65,1250,0,544.5,720,0,0,0,625,1800,800,0,49.5,34.65,"<div_class=""heroes-sprite-drow_ranger_heroes-sprite-32x18""></div>",2.2,1.4,1.9,1.96,1.17
29,Earth Spirit,https://cdn.cloudflare.steamstatic.com/apps/dota2/images/dota_react/heroes/earth_spirit.png,STR,17,18,21,620,291,2.83,12.41,285,0.6,51,46,56,0,0,51,46,56,3.15,25,1.7,17,MELEE,1.45,0.69,0.35,900,0,707.83,826.67,0,0,0,150,1800,800,0,51,35.19,"<div_class=""heroes-sprite-earth_spirit_heroes-sprite-32x18""></div>",1.5,2.1,3.5,1.72,1.22
30,Earthshaker,https://cdn.cloudflare.steamstatic.com/apps/dota2/images/dota_react/heroes/earthshaker.png,STR,12,16,22,640,267,3,13.04,310,0.9,54,49,59,0,0,54,49,59,3.3,25,1.7,12,MELEE,1.52,0.66,0.467,0,0,736,853.33,0,0,0,150,1800,800,0,54,35.64,"<div_class=""heroes-sprite-earthshaker_heroes-sprite-32x18""></div>",1.4,1.8,3.2,2.89,1.19
31,Elder Titan,https://cdn.cloudflare.steamstatic.com/apps/dota2/images/dota_react/heroes/elder_titan.png,STR,14,23,24,680,351,2.33,10.45,310,0.5,52,47,57,0,0,52,47,57,3.6,25,1.7,14,MELEE,1.49,0.67,0.35,900,0,759.33,906.67,0,0,0,150,1800,800,0,52,34.84,"<div_class=""heroes-sprite-elder_titan_heroes-sprite-32x18""></div>",1.8,1.6,2.6,1.76,1.31
32,Ember Spirit,https://cdn.cloudflare.steamstatic.com/apps/dota2/images/dota_react/heroes/ember_spirit.png,AGI,22,20,20,600,315,2.67,11.76,309.03,0.5,54,52,56,0,0,54,52,56,0,25,1.7,22,MELEE,1.39,0.72,0.4,900,0,680,800,0,0,0,150,1800,800,0,54,38.88,"<div_class=""heroes-sprite-ember_spirit_heroes-sprite-32x18""></div>",1.8,1.8,2.4,2.29,1.26
33,Enchantress,https://cdn.cloudflare.steamstatic.com/apps/dota2/images/dota_react/heroes/enchantress.png,INT,19,19,19,580,303,1.17,5.51,325,0.5,54,49,59,0,0,54,49,59,0,22.86,1.7,19,RANGED,1.43,0.7,0.3,900,0,613.83,751.9,0,0,0,575,1800,800,0,54,37.8,"<div_class=""heroes-sprite-enchantress_heroes-sprite-32x18""></div>",1.8,3.1,1.3,1.7,1.24
34,Enigma,https://cdn.cloudflare.steamstatic.com/apps/dota2/images/dota_react/heroes/enigma.png,INT,14,18,21,620,291,4.33,17.81,300,0.5,45,42,48,0,0,45,42,48,0,22.98,1.7,14,RANGED,1.49,0.67,0.4,900,0,754.33,804.93,0,0,0,500,1800,800,0,45,30.15,"<div_class=""heroes-sprite-enigma_heroes-sprite-32x18""></div>",1,3.4,2.3,1.72,1.22
35,Faceless Void,https://cdn.cloudflare.steamstatic.com/apps/dota2/images/dota_react/heroes/faceless_void.png,AGI,23,15,24,680,255,3.83,16.08,299.07,1,59,56,62,0,0,59,56,62,0,25,1.7,23,MELEE,1.38,0.72,0.5,900,0,810.33,906.67,0,0,0,150,1800,800,0,59,42.48,"<div_class=""heroes-sprite-faceless_void_heroes-sprite-32x18""></div>",2.8,1.5,2.1,2.34,1.17
36,Nature's Prophet,https://cdn.cloudflare.steamstatic.com/apps/dota2/images/dota_react/heroes/nature's_prophet.png,INT,18,23,21,620,351,4,16.67,290,0.6,59,52,66,0,0,59,52,66,0,22.41,1.7,18,RANGED,1.44,0.69,0.4,1125,0,744,799.1,0,0,0,600,1800,800,0,59,40.71,"<div_class=""heroes-sprite-furion_heroes-sprite-32x18""></div>",2.4,2.9,2.4,1.72,1.31
37,Grimstroke,https://cdn.cloudflare.steamstatic.com/apps/dota2/images/dota_react/heroes/grimstroke.png,INT,18,23,21,620,351,3,13.04,295,0.6,52,50,54,0,0,52,50,54,0,22.41,1.7,18,RANGED,1.44,0.69,0.35,900,0,713,799.1,0,0,0,550,1800,800,0,52,35.88,"<div_class=""heroes-sprite-grimstroke_heroes-sprite-32x18""></div>",1.9,3.3,2.2,1.72,1.31
38,Gyrocopter,https://cdn.cloudflare.steamstatic.com/apps/dota2/images/dota_react/heroes/gyrocopter.png,AGI,19,19,19,580,303,5.17,20.53,323.65,0.6,42,37,47,0,0,42,37,47,0,25,1.7,19,RANGED,1.43,0.7,0.2,3000,0,729.83,773.33,0,0,0,365,1800,800,0,42,29.4,"<div_class=""heroes-sprite-gyrocopter_heroes-sprite-32x18""></div>",2.8,2.1,2.1,1.7,1.24
39,Huskar,https://cdn.cloudflare.steamstatic.com/apps/dota2/images/dota_react/heroes/huskar.png,STR,15,18,21,620,291,0.5,2.44,290,0.5,42.5,40,45,0,0,42.5,40,45,3.15,25,1.6,15,RANGED,1.39,0.72,0.4,1400,0,635.5,826.67,0,0,0,400,1800,800,0,42.5,30.6,"<div_class=""heroes-sprite-huskar_heroes-sprite-32x18""></div>",1.4,1.5,2.7,1.72,1.22
40,Invoker,https://cdn.cloudflare.steamstatic.com/apps/dota2/images/dota_react/heroes/invoker.png,INT,14,14,18,560,243,1.33,6.25,280,0.5,38,35,41,0,0,38,35,41,0,23.43,1.7,14,RANGED,1.49,0.67,0.4,900,0,597.33,731.31,0,0,0,600,1800,800,0,38,25.46,"<div_class=""heroes-sprite-invoker_heroes-sprite-32x18""></div>",1.9,4,2.2,1.69,1.15
41,Jakiro,https://cdn.cloudflare.steamstatic.com/apps/dota2/images/dota_react/heroes/jakiro.png,INT,10,26,27,740,387,2.67,11.76,290,0.5,57,53,61,0,0,57,53,61,0,22.07,1.7,10,RANGED,1.55,0.65,0.4,1100,0,838.67,949.63,0,0,0,400,1800,800,0,57,37.05,"<div_class=""heroes-sprite-jakiro_heroes-sprite-32x18""></div>",1.2,2.8,2.6,1.79,1.37
42,Juggernaut,https://cdn.cloudflare.steamstatic.com/apps/dota2/images/dota_react/heroes/juggernaut.png,AGI,26,14,21,620,243,5.33,21.05,299.6,0.6,50,48,52,0,0,50,48,52,0,25,1.4,26,MELEE,1.11,0.9,0.33,0,0,785.33,826.67,0,0,0,150,1800,800,0,50,45,"<div_class=""heroes-sprite-juggernaut_heroes-sprite-32x18""></div>",2.4,1.4,2.2,2.3,1.15
43,Keeper of the Light,https://cdn.cloudflare.steamstatic.com/apps/dota2/images/dota_react/heroes/keeper_of_the_light.png,INT,15,23,16,520,351,1.5,6.98,335,0.5,46.5,43,50,0,0,46.5,43,50,0,22.41,1.7,15,RANGED,1.48,0.68,0.3,900,0,559,670.21,0,0,0,600,1800,800,0,46.5,31.62,"<div_class=""heroes-sprite-keeper_of_the_light_heroes-sprite-32x18""></div>",1.6,2.8,2.1,1.67,1.31
44,Kunkka,https://cdn.cloudflare.steamstatic.com/apps/dota2/images/dota_react/heroes/kunkka.png,STR,14,18,24,680,291,3.33,14.29,295,0.6,55,50,60,0,0,55,50,60,3.6,25,1.7,14,MELEE,1.49,0.67,0.4,900,0,793.33,906.67,0,0,0,150,1800,800,0,55,36.85,"<div_class=""heroes-sprite-kunkka_heroes-sprite-32x18""></div>",1.3,1.5,3.3,1.76,1.22
45,Legion Commander,https://cdn.cloudflare.steamstatic.com/apps/dota2/images/dota_react/heroes/legion_commander.png,STR,18,20,26,720,315,2,9.09,315,0.5,63,61,65,0,0,63,61,65,3.9,25,1.7,18,MELEE,1.44,0.69,0.46,900,0,792,960,0,0,0,150,1800,800,0,63,43.47,"<div_class=""heroes-sprite-legion_commander_heroes-sprite-32x18""></div>",1.7,2.2,2.9,1.78,1.26
46,Leshrac,https://cdn.cloudflare.steamstatic.com/apps/dota2/images/dota_react/heroes/leshrac.png,INT,23,22,18,560,339,3.83,16.08,330,0.5,43,41,45,0,0,43,41,45,0,22.53,1.7,23,RANGED,1.38,0.72,0.4,900,0,667.33,722.81,0,0,0,600,1800,800,0,43,30.96,"<div_class=""heroes-sprite-leshrac_heroes-sprite-32x18""></div>",1.7,3,2.1,1.69,1.3
47,Lich,https://cdn.cloudflare.steamstatic.com/apps/dota2/images/dota_react/heroes/lich.png,INT,15,16,20,600,267,1.5,6.98,315,0.5,46.5,42,51,0,0,46.5,42,51,0,23.2,1.7,15,RANGED,1.48,0.68,0.46,900,0,645,781.25,0,0,0,550,1800,800,0,46.5,31.62,"<div_class=""heroes-sprite-lich_heroes-sprite-32x18""></div>",2,3.25,1.85,1.71,1.19
48,Lifestealer,https://cdn.cloudflare.steamstatic.com/apps/dota2/images/dota_react/heroes/lifestealer.png,STR,18,15,25,700,255,1,4.76,310,1,57,52,62,0,0,57,52,62,3.75,25,1.85,18,MELEE,1.57,0.64,0.39,900,0,735,933.33,0,0,0,150,1800,800,0,57,36.48,"<div_class=""heroes-sprite-life_stealer_heroes-sprite-32x18""></div>",1.9,1.75,3.1,1.77,1.17
49,Lina,https://cdn.cloudflare.steamstatic.com/apps/dota2/images/dota_react/heroes/lina.png,INT,16,28,20,600,411,1.67,7.69,295,0.5,52,46,58,0,0,52,46,58,0,21.85,1.6,16,RANGED,1.38,0.72,0.75,1000,0,650,767.75,0,0,0,670,1800,800,0,52,37.44,"<div_class=""heroes-sprite-lina_heroes-sprite-32x18""></div>",1.5,3.2,1.8,1.71,1.4
50,Lion,https://cdn.cloudflare.steamstatic.com/apps/dota2/images/dota_react/heroes/lion.png,INT,15,18,18,560,291,1.5,6.98,290,0.5,50,47,53,0,0,50,47,53,0,22.98,1.7,15,RANGED,1.48,0.68,0.43,900,0,602,727.04,0,0,0,600,1800,800,0,50,34,"<div_class=""heroes-sprite-lion_heroes-sprite-32x18""></div>",1.5,3,2,1.69,1.22
51,Lone Druid,https://cdn.cloudflare.steamstatic.com/apps/dota2/images/dota_react/heroes/lone_druid.png,AGI,24,13,18,560,231,4,16.67,324.61,0.5,44,42,46,0,0,44,42,46,0,25,1.7,24,RANGED,1.37,0.73,0.33,900,0,672,746.67,0,0,0,550,1800,800,0,44,32.12,"<div_class=""heroes-sprite-lone_druid_heroes-sprite-32x18""></div>",2.7,1.4,2.4,1.98,1.13
52,Luna,https://cdn.cloudflare.steamstatic.com/apps/dota2/images/dota_react/heroes/luna.png,AGI,18,16,16,520,267,3,13.04,333.56,0.6,41,38,44,0,0,41,38,44,0,25,1.7,18,RANGED,1.44,0.69,0.46,900,0,598,693.33,0,0,0,330,1800,800,0,41,28.29,"<div_class=""heroes-sprite-luna_heroes-sprite-32x18""></div>",3.3,1.85,2.2,1.67,1.19
53,Lycan,https://cdn.cloudflare.steamstatic.com/apps/dota2/images/dota_react/heroes/lycan.png,STR,16,17,25,700,279,0.67,3.23,300,0.5,57.5,55,60,0,0,57.5,55,60,3.75,25,1.7,16,MELEE,1.47,0.68,0.55,900,0,723.33,933.33,0,0,0,150,1800,800,0,57.5,39.1,"<div_class=""heroes-sprite-lycan_heroes-sprite-32x18""></div>",1,1.4,3.3,1.77,1.21
54,Magnus,https://cdn.cloudflare.steamstatic.com/apps/dota2/images/dota_react/heroes/magnus.png,STR,15,19,23,660,303,3.5,14.89,305,0.8,61,55,67,0,0,61,55,67,3.45,25,1.8,15,MELEE,1.57,0.64,0.5,900,0,775.5,880,0,0,0,150,1800,800,0,61,39.04,"<div_class=""heroes-sprite-magnataur_heroes-sprite-32x18""></div>",2.5,1.65,3.2,2.33,1.24
55,Medusa,https://cdn.cloudflare.steamstatic.com/apps/dota2/images/dota_react/heroes/medusa.png,AGI,20,19,15,500,303,2.33,10.45,278.3,0.5,47,44,50,0,0,47,44,50,0,25,1.7,20,RANGED,1.42,0.71,0.5,1200,0,558.33,666.67,0,0,0,600,1800,800,0,47,33.37,"<div_class=""heroes-sprite-medusa_heroes-sprite-32x18""></div>",2.5,2.1,1.3,1.66,1.24
56,Meepo,https://cdn.cloudflare.steamstatic.com/apps/dota2/images/dota_react/heroes/meepo.png,AGI,23,20,24,680,315,6.83,25.47,314.28,0.65,46,43,49,0,0,46,43,49,0,25,1.7,23,MELEE,1.38,0.72,0.38,900,0,912.33,906.67,0,0,0,150,1800,800,0,46,33.12,"<div_class=""heroes-sprite-meepo_heroes-sprite-32x18""></div>",2.2,1.6,1.6,2.05,1.26
57,Mirana,https://cdn.cloudflare.steamstatic.com/apps/dota2/images/dota_react/heroes/mirana.png,AGI,18,17,18,560,279,2,9.09,298.19,0.5,45.5,43,48,0,0,45.5,43,48,0,25,1.7,18,RANGED,1.44,0.69,0.3,900,0,616,746.67,0,0,0,630,1800,800,0,45.5,31.39,"<div_class=""heroes-sprite-mirana_heroes-sprite-32x18""></div>",3.2,1.65,2.15,1.69,1.21
58,Monkey King,https://cdn.cloudflare.steamstatic.com/apps/dota2/images/dota_react/heroes/monkey_king.png,AGI,22,20,19,580,315,0.67,3.23,303.96,0.6,54,51,57,0,0,54,51,57,0,25,1.7,22,MELEE,1.39,0.72,0.45,900,0,599.33,773.33,0,0,0,300,1800,800,0,54,38.88,"<div_class=""heroes-sprite-monkey_king_heroes-sprite-32x18""></div>",3.2,1.8,2.8,3.41,1.26
59,Morphling,https://cdn.cloudflare.steamstatic.com/apps/dota2/images/dota_react/heroes/morphling.png,AGI,24,13,20,600,231,2,9.09,284.03,0.6,37.5,33,42,0,0,37.5,33,42,0,25,1.5,24,RANGED,1.21,0.83,0.5,1300,0,660,800,0,0,0,350,1800,800,0,37.5,31.13,"<div_class=""heroes-sprite-morphling_heroes-sprite-32x18""></div>",3.7,1.1,2.3,1.71,1.13
60,Naga Siren,https://cdn.cloudflare.steamstatic.com/apps/dota2/images/dota_react/heroes/naga_siren.png,AGI,21,21,22,640,327,6.5,24.53,318.97,0.5,45,44,46,0,0,45,44,46,0,25,1.7,21,MELEE,1.4,0.71,0.5,900,0,848,853.33,0,0,0,150,1800,800,0,45,31.95,"<div_class=""heroes-sprite-naga_siren_heroes-sprite-32x18""></div>",3.2,2,2.8,3.47,1.28
61,Necrophos,https://cdn.cloudflare.steamstatic.com/apps/dota2/images/dota_react/heroes/necrophos.png,INT,12,20,18,560,315,3,13.04,280,0.5,48,46,50,0,0,48,46,50,0,22.75,1.7,12,RANGED,1.52,0.66,0.4,900,0,644,724.92,0,0,0,550,1800,800,0,48,31.68,"<div_class=""heroes-sprite-necrolyte_heroes-sprite-32x18""></div>",1.3,2.5,2.6,1.69,1.26
62,Shadow Fiend,https://cdn.cloudflare.steamstatic.com/apps/dota2/images/dota_react/heroes/shadow_fiend.png,AGI,20,18,16,520,291,1.33,6.25,313.72,1,38,35,41,0,0,38,35,41,0,25,1.7,20,RANGED,1.42,0.71,0.5,1200,0,554.67,693.33,0,0,0,500,1800,800,0,38,26.98,"<div_class=""heroes-sprite-nevermore_heroes-sprite-32x18""></div>",2.9,2,2.3,1.95,1.22
63,Night Stalker,https://cdn.cloudflare.steamstatic.com/apps/dota2/images/dota_react/heroes/night_stalker.png,STR,18,13,23,660,231,5,20,285,0.5,63,61,65,0,0,63,61,65,3.45,25,1.7,18,MELEE,1.44,0.69,0.55,900,0,825,880,0,0,0,150,800,1800,0,63,43.47,"<div_class=""heroes-sprite-night_stalker_heroes-sprite-32x18""></div>",2.25,1.6,3.1,3.78,1.13
64,Nyx Assassin,https://cdn.cloudflare.steamstatic.com/apps/dota2/images/dota_react/heroes/nyx_assassin.png,AGI,19,18,19,580,291,4.17,17.24,298.36,0.5,48,46,50,0,0,48,46,50,0,25,1.7,19,MELEE,1.43,0.7,0.46,900,0,700.83,773.33,0,0,0,150,1800,800,0,48,33.6,"<div_class=""heroes-sprite-nyx_assassin_heroes-sprite-32x18""></div>",2.2,2.1,2.3,5.39,1.22
65,Outworld Devourer,https://cdn.cloudflare.steamstatic.com/apps/dota2/images/dota_react/heroes/outworld_devourer.png,INT,24,24,19,580,363,4.5,18.37,315,0.5,47.5,40,55,0,0,47.5,40,55,0,22.3,1.7,24,RANGED,1.37,0.73,0.46,900,0,710.5,746.46,0,0,0,450,1800,800,0,47.5,34.67,"<div_class=""heroes-sprite-obsidian_destroyer_heroes-sprite-32x18""></div>",2,2.7,2.6,1.7,1.33
66,Ogre Magi,https://cdn.cloudflare.steamstatic.com/apps/dota2/images/dota_react/heroes/ogre_magi.png,INT,14,15,25,700,255,8.33,29.41,285,0.6,61,58,64,0,0,61,58,64,0,23.31,1.7,14,MELEE,1.49,0.67,0.3,900,0,991.67,912.8,0,0,0,150,1800,800,0,61,40.87,"<div_class=""heroes-sprite-ogre_magi_heroes-sprite-32x18""></div>",1.55,2,3.5,5.6,1.17
67,Omniknight,https://cdn.cloudflare.steamstatic.com/apps/dota2/images/dota_react/heroes/omniknight.png,STR,15,15,22,640,255,3.5,14.89,300,0.6,58,53,63,0,0,58,53,63,3.3,25,1.7,15,MELEE,1.48,0.68,0.433,900,0,752,853.33,0,0,0,150,1800,800,0,58,39.44,"<div_class=""heroes-sprite-omniknight_heroes-sprite-32x18""></div>",1.75,1.8,3.1,1.74,1.17
68,Oracle,https://cdn.cloudflare.steamstatic.com/apps/dota2/images/dota_react/heroes/oracle.png,INT,15,21,20,600,327,2.5,11.11,305,0.7,42,39,45,0,0,42,39,45,0,22.64,1.4,15,RANGED,1.22,0.82,0.3,900,0,675,775.57,0,0,0,620,1800,800,0,42,34.44,"<div_class=""heroes-sprite-oracle_heroes-sprite-32x18""></div>",1.7,3.5,2.2,1.71,1.28
69,Pangolier,https://cdn.cloudflare.steamstatic.com/apps/dota2/images/dota_react/heroes/pangolier.png,AGI,18,16,17,540,267,4,16.67,308.29,1,50,47,53,0,0,50,47,53,0,25,1.7,18,MELEE,1.44,0.69,0.33,900,0,648,720,0,0,0,150,1800,800,0,50,34.5,"<div_class=""heroes-sprite-pangolier_heroes-sprite-32x18""></div>",2.8,1.9,2.5,1.96,1.19
70,Phantom Assassin,https://cdn.cloudflare.steamstatic.com/apps/dota2/images/dota_react/heroes/phantom_assassin.png,AGI,23,15,21,620,255,4.83,19.46,309.21,0.6,47,46,48,0,0,47,46,48,0,25,1.7,23,MELEE,1.38,0.72,0.3,900,0,769.83,826.67,0,0,0,150,1800,800,0,47,33.84,"<div_class=""heroes-sprite-phantom_assassin_heroes-sprite-32x18""></div>",3.15,1.4,2.15,2.01,1.17
71,Phantom Lancer,https://cdn.cloudflare.steamstatic.com/apps/dota2/images/dota_react/heroes/phantom_lancer.png,AGI,29,19,19,580,303,4.83,19.46,289.96,0.6,62,51,73,0,0,62,51,73,0,25,1.7,29,MELEE,1.32,0.76,0.5,900,0,720.17,773.33,0,0,0,150,1800,800,0,62,47.12,"<div_class=""heroes-sprite-phantom_lancer_heroes-sprite-32x18""></div>",2.8,2,2,3.41,1.24
72,Phoenix,https://cdn.cloudflare.steamstatic.com/apps/dota2/images/dota_react/heroes/phoenix.png,STR,12,18,19,580,291,0,0,280,1,50,45,55,0,0,50,45,55,2.85,25,1.7,12,RANGED,1.52,0.66,0.35,1100,0,580,773.33,0,0,0,500,1800,800,0,50,33,"<div_class=""heroes-sprite-phoenix_heroes-sprite-32x18""></div>",1.3,1.8,3.2,1.7,1.22
73,Puck,https://cdn.cloudflare.steamstatic.com/apps/dota2/images/dota_react/heroes/puck.png,INT,22,23,17,540,351,1.67,7.69,295,0.5,58.5,53,64,0,0,58.5,53,64,0,22.41,1.7,22,RANGED,1.39,0.72,0.5,900,0,585,695.99,0,0,0,550,1800,800,0,58.5,42.12,"<div_class=""heroes-sprite-puck_heroes-sprite-32x18""></div>",1.7,2.4,2,1.68,1.31
74,Pudge,https://cdn.cloudflare.steamstatic.com/apps/dota2/images/dota_react/heroes/pudge.png,STR,14,14,25,700,243,0.33,1.64,275,0.7,62,59,65,0,0,62,59,65,3.75,25,1.7,14,MELEE,1.49,0.67,0.5,0,0,711.67,933.33,0,0,0,150,1800,800,0,62,41.54,"<div_class=""heroes-sprite-pudge_heroes-sprite-32x18""></div>",1.5,1.5,3.5,1.77,1.15
75,Pugna,https://cdn.cloudflare.steamstatic.com/apps/dota2/images/dota_react/heroes/pugna.png,INT,16,24,19,580,363,2.67,11.76,335,0.5,47,43,51,0,0,47,43,51,0,22.3,1.7,16,RANGED,1.47,0.68,0.5,900,0,657.33,746.46,0,0,0,630,1800,800,0,47,31.96,"<div_class=""heroes-sprite-pugna_heroes-sprite-32x18""></div>",1,4.5,1.8,1.7,1.33
76,Queen of Pain,https://cdn.cloudflare.steamstatic.com/apps/dota2/images/dota_react/heroes/queen_of_pain.png,INT,18,22,18,560,339,2,9.09,295,0.5,49,45,53,0,0,49,45,53,0,22.53,1.5,18,RANGED,1.27,0.79,0.56,1500,0,616,722.81,0,0,0,550,1800,800,0,49,38.71,"<div_class=""heroes-sprite-queenofpain_heroes-sprite-32x18""></div>",2,2.5,2.3,1.69,1.3
77,Clockwerk,https://cdn.cloudflare.steamstatic.com/apps/dota2/images/dota_react/heroes/clockwerk.png,STR,13,17,26,720,279,1.17,5.51,310,0.6,51,50,52,0,0,51,50,52,3.9,25,1.7,13,MELEE,1.5,0.66,0.33,900,0,762,960,0,0,0,150,1800,800,0,51,33.66,"<div_class=""heroes-sprite-rattletrap_heroes-sprite-32x18""></div>",2.3,1.3,3.2,1.78,1.21
78,Razor,https://cdn.cloudflare.steamstatic.com/apps/dota2/images/dota_react/heroes/razor.png,AGI,22,21,22,640,327,2.67,11.76,288.76,0.5,46,45,47,0,0,46,45,47,0,25,1.7,22,RANGED,1.39,0.72,0.3,2000,0,725.33,853.33,0,0,0,475,1800,800,0,46,33.12,"<div_class=""heroes-sprite-razor_heroes-sprite-32x18""></div>",1.8,1.8,2.6,1.74,1.28
79,Riki,https://cdn.cloudflare.steamstatic.com/apps/dota2/images/dota_react/heroes/riki.png,AGI,30,14,18,560,243,6,23.08,279.95,0.6,43,41,45,0,0,43,41,45,0,25,1.7,30,MELEE,1.31,0.76,0.3,900,0,728,746.67,0,0,0,150,1800,800,0,43,32.68,"<div_class=""heroes-sprite-riki_heroes-sprite-32x18""></div>",2.2,1.3,1.9,3.39,1.15
80,Rubick,https://cdn.cloudflare.steamstatic.com/apps/dota2/images/dota_react/heroes/rubick.png,INT,14,25,21,620,375,1.33,6.25,290,0.7,49,44,54,0,0,49,44,54,0,22.19,1.7,14,RANGED,1.49,0.67,0.4,1125,0,661.33,796.79,0,0,0,550,1800,800,0,49,32.83,"<div_class=""heroes-sprite-rubick_heroes-sprite-32x18""></div>",1.6,2.4,1.8,1.72,1.35
81,Sand King,https://cdn.cloudflare.steamstatic.com/apps/dota2/images/dota_react/heroes/sand_king.png,STR,19,16,22,640,267,2.17,9.77,285,0.5,52,47,57,0,0,52,47,57,3.3,25,1.7,19,MELEE,1.43,0.7,0.53,900,0,709.33,853.33,0,0,0,150,1800,800,0,52,36.4,"<div_class=""heroes-sprite-sand_king_heroes-sprite-32x18""></div>",2.1,1.8,2.9,1.74,1.19
82,Shadow Demon,https://cdn.cloudflare.steamstatic.com/apps/dota2/images/dota_react/heroes/shadow_demon.png,INT,18,21,23,660,327,3,13.04,295,0.6,52,50,54,0,0,52,50,54,0,22.64,1.7,18,RANGED,1.44,0.69,0.35,900,0,759,853.13,0,0,0,500,1800,800,0,52,35.88,"<div_class=""heroes-sprite-shadow_demon_heroes-sprite-32x18""></div>",2.2,2.7,2.4,1.75,1.28
83,Shadow Shaman,https://cdn.cloudflare.steamstatic.com/apps/dota2/images/dota_react/heroes/shadow_shaman.png,INT,16,21,23,660,327,3.67,15.49,285,0.5,76.5,73,80,0,0,76.5,73,80,0,22.64,1.7,16,RANGED,1.47,0.68,0.3,900,0,781,853.13,0,0,0,400,1800,800,0,76.5,52.02,"<div_class=""heroes-sprite-shadow_shaman_heroes-sprite-32x18""></div>",1.6,3,2.1,1.75,1.28
84,Timbersaw,https://cdn.cloudflare.steamstatic.com/apps/dota2/images/dota_react/heroes/timbersaw.png,STR,16,21,21,620,327,0.67,3.23,285,0.6,49,47,51,0,0,49,47,51,3.15,25,1.7,16,MELEE,1.47,0.68,0.36,900,0,640.67,826.67,0,0,0,150,1800,800,0,49,33.32,"<div_class=""heroes-sprite-shredder_heroes-sprite-32x18""></div>",1.3,2.4,2.1,1.72,1.28
85,Silencer,https://cdn.cloudflare.steamstatic.com/apps/dota2/images/dota_react/heroes/silencer.png,INT,22,25,19,580,375,2.67,11.76,295,0.6,50,43,57,0,0,50,43,57,0,22.19,1.7,22,RANGED,1.39,0.72,0.5,1000,0,657.33,745.38,0,0,0,600,1800,800,0,50,36,"<div_class=""heroes-sprite-silencer_heroes-sprite-32x18""></div>",3,2.5,2.5,1.7,1.35
86,Wraith King,https://cdn.cloudflare.steamstatic.com/apps/dota2/images/dota_react/heroes/wraith_king.png,STR,18,18,22,640,291,2,9.09,295,0.5,62,61,63,0,0,62,61,63,3.3,25,1.7,18,MELEE,1.44,0.69,0.56,0,0,704,853.33,0,0,0,150,1800,800,0,62,42.78,"<div_class=""heroes-sprite-skeleton_king_heroes-sprite-32x18""></div>",1.7,1.6,2.8,1.74,1.22
87,Skywrath Mage,https://cdn.cloudflare.steamstatic.com/apps/dota2/images/dota_react/heroes/skywrath_mage.png,INT,13,25,21,620,375,0.17,0.83,330,0.5,44,39,49,0,0,44,39,49,0,22.19,1.7,13,RANGED,1.5,0.66,0.4,1000,0,625.17,796.79,0,0,0,600,1800,800,0,44,29.04,"<div_class=""heroes-sprite-skywrath_mage_heroes-sprite-32x18""></div>",0.8,3.6,1.8,1.72,1.35
88,Slardar,https://cdn.cloudflare.steamstatic.com/apps/dota2/images/dota_react/heroes/slardar.png,STR,17,15,21,620,255,4.83,19.46,285,0.5,55,51,59,0,0,55,51,59,3.15,25,1.7,17,MELEE,1.45,0.69,0.36,0,0,769.83,826.67,0,0,0,150,1800,800,0,55,37.95,"<div_class=""heroes-sprite-slardar_heroes-sprite-32x18""></div>",2.4,1.5,3.1,1.72,1.17
89,Slark,https://cdn.cloudflare.steamstatic.com/apps/dota2/images/dota_react/heroes/slark.png,AGI,21,16,21,620,267,2.5,11.11,298.72,0.6,58,54,62,0,0,58,54,62,0,25,1.7,21,MELEE,1.4,0.71,0.5,0,0,697.5,826.67,0,0,0,150,1800,1800,0,58,41.18,"<div_class=""heroes-sprite-slark_heroes-sprite-32x18""></div>",1.5,1.7,1.9,3.74,1.19
90,Sniper,https://cdn.cloudflare.steamstatic.com/apps/dota2/images/dota_react/heroes/sniper.png,AGI,21,15,17,540,255,2.5,11.11,288.59,0.7,39,36,42,0,0,39,36,42,0,25,1.7,21,RANGED,1.4,0.71,0.17,3000,0,607.5,720,0,0,0,550,1800,1400,0,39,27.69,"<div_class=""heroes-sprite-sniper_heroes-sprite-32x18""></div>",2.7,2.6,1.7,1.68,1.17
91,Spectre,https://cdn.cloudflare.steamstatic.com/apps/dota2/images/dota_react/heroes/spectre.png,AGI,23,16,21,620,267,3.83,16.08,288.93,0.5,48,46,50,0,0,48,46,50,0,25,1.7,23,MELEE,1.38,0.72,0.3,900,0,738.83,826.67,0,0,0,150,1800,800,0,48,34.56,"<div_class=""heroes-sprite-spectre_heroes-sprite-32x18""></div>",1.8,1.9,2.3,1.72,1.19
92,Spirit Breaker,https://cdn.cloudflare.steamstatic.com/apps/dota2/images/dota_react/heroes/spirit_breaker.png,STR,17,14,29,780,243,4.83,19.46,280,0.5,65,60,70,0,0,65,60,70,4.35,25,1.9,17,MELEE,1.62,0.62,0.6,900,0,968.5,1040,0,0,0,150,1800,800,0,65,40.3,"<div_class=""heroes-sprite-spirit_breaker_heroes-sprite-32x18""></div>",1.7,1.8,2.7,1.81,1.15
93,Storm Spirit,https://cdn.cloudflare.steamstatic.com/apps/dota2/images/dota_react/heroes/storm_spirit.png,INT,22,22,21,620,339,5.67,22.08,285,0.8,51,46,56,0,0,51,46,56,0,22.53,1.7,22,RANGED,1.39,0.72,0.5,1100,0,795.67,800.26,0,0,0,480,1800,800,0,51,36.72,"<div_class=""heroes-sprite-storm_spirit_heroes-sprite-32x18""></div>",1.5,3,1.8,1.72,1.3
94,Sven,https://cdn.cloudflare.steamstatic.com/apps/dota2/images/dota_react/heroes/sven.png,STR,21,16,23,660,267,4.5,18.37,285,0.6,67,66,68,0,0,67,66,68,3.45,25,1.8,21,MELEE,1.49,0.67,0.4,0,0,808.5,880,0,0,0,150,1800,800,0,67,44.89,"<div_class=""heroes-sprite-sven_heroes-sprite-32x18""></div>",2,1.3,3,1.75,1.19
95,Techies,https://cdn.cloudflare.steamstatic.com/apps/dota2/images/dota_react/heroes/techies.png,INT,14,20,19,580,315,7.33,26.83,270,0.5,30,29,31,0,0,30,29,31,0,22.75,1.7,14,RANGED,1.49,0.67,0.5,900,0,792.67,750.81,0,0,0,700,1800,800,0,30,20.1,"<div_class=""heroes-sprite-techies_heroes-sprite-32x18""></div>",1.3,2.9,2.3,1.7,1.26
96,Templar Assassin,https://cdn.cloudflare.steamstatic.com/apps/dota2/images/dota_react/heroes/templar_assassin.png,AGI,23,20,19,580,315,4.83,19.46,314.28,0.7,56,53,59,0,0,56,53,59,0,25,1.7,23,RANGED,1.38,0.72,0.3,900,0,720.17,773.33,0,0,0,140,1800,800,0,56,40.32,"<div_class=""heroes-sprite-templar_assassin_heroes-sprite-32x18""></div>",2.3,2,2.4,1.99,1.26
97,Terrorblade,https://cdn.cloudflare.steamstatic.com/apps/dota2/images/dota_react/heroes/terrorblade.png,AGI,22,19,16,520,303,10.67,34.78,314.09,0.5,51,48,54,0,0,51,48,54,0,25,1.5,22,MELEE,1.23,0.81,0.3,900,0,797.33,693.33,0,0,0,150,1800,800,0,51,41.31,"<div_class=""heroes-sprite-terrorblade_heroes-sprite-32x18""></div>",4.2,1.6,1.7,1.67,1.24
98,Tidehunter,https://cdn.cloudflare.steamstatic.com/apps/dota2/images/dota_react/heroes/tidehunter.png,STR,15,16,22,640,267,2.5,11.11,300,0.5,50,47,53,0,0,50,47,53,3.3,25,1.7,15,MELEE,1.48,0.68,0.6,900,0,720,853.33,0,0,0,150,1800,800,0,50,34,"<div_class=""heroes-sprite-tidehunter_heroes-sprite-32x18""></div>",1.5,1.7,3.3,1.74,1.19
99,Tinker,https://cdn.cloudflare.steamstatic.com/apps/dota2/images/dota_react/heroes/tinker.png,INT,13,28,17,540,411,4.17,17.24,290,0.6,55,52,58,0,0,55,52,58,0,21.85,1.7,13,RANGED,1.5,0.66,0.35,900,0,652.5,690.98,0,0,0,500,1800,800,0,55,36.3,"<div_class=""heroes-sprite-tinker_heroes-sprite-32x18""></div>",1.2,2.2,2.3,1.68,1.4
100,Tiny,https://cdn.cloudflare.steamstatic.com/apps/dota2/images/dota_react/heroes/tiny.png,STR,0,17,30,800,279,0,0,285,0.5,77,74,80,0,0,77,74,80,4.5,25,1.7,0,MELEE,1.7,0.59,0.4,900,0,800,1066.67,0,0,0,150,1800,800,0,77,45.43,"<div_class=""heroes-sprite-tiny_heroes-sprite-32x18""></div>",0,1.6,3.6,1.82,1.21
101,Treant Protector,https://cdn.cloudflare.steamstatic.com/apps/dota2/images/dota_react/heroes/treant_protector.png,STR,15,20,25,700,315,0.5,2.44,265,0.5,91,87,95,0,0,91,87,95,3.75,25,1.9,15,MELEE,1.65,0.61,0.6,900,0,717.5,933.33,0,0,0,150,1800,800,0,91,55.51,"<div_class=""heroes-sprite-treant_heroes-sprite-32x18""></div>",2,1.8,3.6,1.77,1.26
102,Troll Warlord,https://cdn.cloudflare.steamstatic.com/apps/dota2/images/dota_react/heroes/troll_warlord.png,AGI,21,13,21,620,231,2.5,11.11,298.72,0.5,47,38,56,0,0,47,38,56,0,25,1.7,21,RANGED,1.4,0.71,0.3,1200,0,697.5,826.67,0,0,0,500,1800,800,0,47,33.37,"<div_class=""heroes-sprite-troll_warlord_heroes-sprite-32x18""></div>",2.5,1,2.5,2.01,1.13
103,Tusk,https://cdn.cloudflare.steamstatic.com/apps/dota2/images/dota_react/heroes/tusk.png,STR,23,18,23,660,291,2.83,12.41,295,0.7,52,50,54,0,0,52,50,54,3.45,25,1.7,23,MELEE,1.38,0.72,0.36,900,0,753.5,880,0,0,0,150,1800,800,0,52,37.44,"<div_class=""heroes-sprite-tusk_heroes-sprite-32x18""></div>",2.1,1.7,3,1.75,1.22
104,Undying,https://cdn.cloudflare.steamstatic.com/apps/dota2/images/dota_react/heroes/undying.png,STR,10,27,22,640,399,3.67,15.49,305,0.6,61,57,65,0,0,61,57,65,3.3,25,1.7,10,MELEE,1.55,0.65,0.3,900,0,757.33,853.33,0,0,0,150,1800,800,0,61,39.65,"<div_class=""heroes-sprite-undying_heroes-sprite-32x18""></div>",0.8,2.8,2.4,1.74,1.39
105,Ursa,https://cdn.cloudflare.steamstatic.com/apps/dota2/images/dota_react/heroes/ursa.png,AGI,18,16,24,680,267,8,28.57,308.29,0.5,44,42,46,0,0,44,42,46,0,25,1.7,18,MELEE,1.44,0.69,0.3,900,0,952,906.67,0,0,0,150,1800,800,0,44,30.36,"<div_class=""heroes-sprite-ursa_heroes-sprite-32x18""></div>",2.1,1.5,3.3,2.34,1.19
106,Vengeful Spirit,https://cdn.cloudflare.steamstatic.com/apps/dota2/images/dota_react/heroes/vengeful_spirit.png,AGI,27,13,19,580,231,4.5,18.37,299.78,0.6,43,39,47,0,0,43,39,47,0,25,1.7,27,RANGED,1.34,0.75,0.33,1500,0,710.5,773.33,0,0,0,400,1800,800,0,43,32.25,"<div_class=""heroes-sprite-vengefulspirit_heroes-sprite-32x18""></div>",3.3,1.5,2.9,1.99,1.13
107,Venomancer,https://cdn.cloudflare.steamstatic.com/apps/dota2/images/dota_react/heroes/venomancer.png,AGI,22,17,19,580,279,3.67,15.49,278.63,0.5,39,38,40,0,0,39,38,40,0,25,1.7,22,RANGED,1.39,0.72,0.3,900,0,686.33,773.33,0,0,0,450,1800,800,0,39,28.08,"<div_class=""heroes-sprite-venomancer_heroes-sprite-32x18""></div>",2.8,1.8,1.9,1.7,1.21
108,Viper,https://cdn.cloudflare.steamstatic.com/apps/dota2/images/dota_react/heroes/viper.png,AGI,21,15,21,620,255,1.5,6.98,278.46,0.5,45,44,46,0,0,45,44,46,0,25,1.7,21,RANGED,1.4,0.71,0.33,1200,0,666.5,826.67,0,0,0,575,1800,800,0,45,31.95,"<div_class=""heroes-sprite-viper_heroes-sprite-32x18""></div>",2.9,1.8,2.4,1.72,1.17
109,Visage,https://cdn.cloudflare.steamstatic.com/apps/dota2/images/dota_react/heroes/visage.png,INT,11,22,24,680,339,-0.17,-0.83,285,0.5,50,45,55,0,0,50,45,55,0,7.03,1.7,11,RANGED,1.53,0.65,0.46,900,0,674.43,731.42,0,0,0,600,1800,800,0,50,32.5,"<div_class=""heroes-sprite-visage_heroes-sprite-32x18""></div>",1.3,2.5,3,1.76,1.3
110,Warlock,https://cdn.cloudflare.steamstatic.com/apps/dota2/images/dota_react/heroes/warlock.png,INT,10,22,24,680,339,2.67,11.76,295,0.5,51,46,56,0,0,51,46,56,0,22.53,1.7,10,RANGED,1.55,0.65,0.3,1200,0,770.67,877.7,0,0,0,600,1800,800,0,51,33.15,"<div_class=""heroes-sprite-warlock_heroes-sprite-32x18""></div>",1,2.7,2.8,1.76,1.3
111,Weaver,https://cdn.cloudflare.steamstatic.com/apps/dota2/images/dota_react/heroes/weaver.png,AGI,14,15,16,520,255,1.33,6.25,277.31,0.5,55,50,60,0,0,55,50,60,0,25,1.8,14,RANGED,1.58,0.63,0.64,900,0,554.67,693.33,0,0,0,425,1800,800,0,55,34.65,"<div_class=""heroes-sprite-weaver_heroes-sprite-32x18""></div>",3.1,1.8,1.8,2.79,1.17
112,Windranger,https://cdn.cloudflare.steamstatic.com/apps/dota2/images/dota_react/heroes/windranger.png,INT,17,18,17,540,291,1.83,8.4,295,0.8,48,42,54,0,0,48,42,54,0,22.98,1.5,17,RANGED,1.28,0.78,0.4,1250,0,589.5,701.07,0,0,0,600,1800,800,0,48,37.44,"<div_class=""heroes-sprite-windrunner_heroes-sprite-32x18""></div>",1.4,2.6,2.8,1.68,1.22
113,Winter Wyvern,https://cdn.cloudflare.steamstatic.com/apps/dota2/images/dota_react/heroes/winter_wyvern.png,INT,16,26,26,720,387,1.67,7.69,285,0.5,41.5,38,45,0,0,41.5,38,45,0,22.07,1.7,16,RANGED,1.47,0.68,0.25,700,0,780,923.97,0,0,0,425,1800,800,0,41.5,28.22,"<div_class=""heroes-sprite-winter_wyvern_heroes-sprite-32x18""></div>",1.9,3.1,2.4,1.78,1.37
114,Io,https://cdn.cloudflare.steamstatic.com/apps/dota2/images/dota_react/heroes/io.png,STR,14,23,17,540,351,0.33,1.64,280,0.7,43.5,39,48,0,0,43.5,39,48,2.55,25,1.7,14,RANGED,1.49,0.67,0.15,1200,0,549,720,0,0,0,575,1800,800,0,43.5,29.15,"<div_class=""heroes-sprite-wisp_heroes-sprite-32x18""></div>",1.6,1.7,2.2,1.68,1.31
115,Witch Doctor,https://cdn.cloudflare.steamstatic.com/apps/dota2/images/dota_react/heroes/witch_doctor.png,INT,13,22,18,560,339,1.17,5.51,305,0.5,56,51,61,0,0,56,51,61,0,22.53,1.7,13,RANGED,1.5,0.66,0.4,1200,0,592.67,722.81,0,0,0,600,1800,800,0,56,36.96,"<div_class=""heroes-sprite-witch_doctor_heroes-sprite-32x18""></div>",1.4,2.9,2.1,1.69,1.3
116,Zeus,https://cdn.cloudflare.steamstatic.com/apps/dota2/images/dota_react/heroes/zeus.png,INT,11,20,21,620,315,1.83,8.4,300,0.6,57,53,61,0,0,57,53,61,0,22.75,1.7,11,RANGED,1.53,0.65,0.633,1100,0,676.83,802.59,0,0,0,380,1800,800,0,57,37.05,"<div_class=""heroes-sprite-zuus_heroes-sprite-32x18""></div>",1.2,2.7,2.3,1.72,1.26